"日/時","1","2","3","4","5","6","7","8","9","10","11","12","13","14","15","16","17","18","19","20","21","22","23","24","總和"
"01","T","0.5","T","0.0","T","1.0","2.5","0.5","1.0","T","0.0","0.0","0.0","0.0","T","T","0.0","0.0","0.0","0.0","0.0","T","0.0","4.0","9.5"
"02","3.5","0.5","4.5","2.5","0.0","0.0","0.0","0.0","0.0","0.0","0.0","0.0","0.0","0.0","0.0","0.0","0.0","0.0","0.0","0.0","0.0","T","0.0","T","11.0"
"03","0.0","T","0.0","0.0","0.0","0.0","T","0.0","T","0.5","T","T","T","T","T","0.0","0.0","T","T","T","T","T","T","0.0","0.5"
"04","0.0","0.0","0.0","0.0","T","T","0.0","0.5","1.5","1.0","T","1.0","0.5","0.0","0.0","0.0","0.0","T","T","T","1.0","T","T","0.5","6.0"
"05","0.0","0.0","T","5.5","0.5","0.0","T","0.5","0.5","T","0.0","T","0.0","0.0","0.0","T","0.0","T","0.0","0.0","0.0","0.0","0.0","0.0","7.0"
"06","0.0","0.0","T","0.5","T","T","T","0.5","T","T","T","T","T","T","T","T","T","T","T","T","T","T","0.5","0.0","1.5"
"07","0.0","0.0","0.0","0.0","0.0","0.0","0.0","0.0","0.0","0.0","0.0","0.0","0.0","0.0","0.0","0.0","0.0","0.0","0.0","0.0","0.0","0.0","0.0","0.0","0.0"
"08","0.0","0.0","0.0","0.0","0.0","0.0","0.0","0.0","0.0","0.0","0.0","0.0","0.0","0.0","0.0","0.0","0.0","0.0","0.0","0.0","0.0","0.0","0.0","0.0","0.0"
"09","0.0","0.0","0.0","T","T","T","T","0.0","0.0","0.0","T","0.0","T","T","T","T","T","T","T","0.5","T","T","0.5","T","1.0"
"10","T","T","T","T","1.5","1.0","1.0","0.5","1.0","0.5","0.5","T","T","T","0.0","0.0","0.0","0.0","0.0","0.0","0.0","0.0","0.0","0.0","6.0"
"11","0.0","0.0","0.0","0.0","0.0","0.0","0.0","0.0","0.0","0.0","0.0","0.0","0.0","0.0","0.0","0.0","0.0","0.0","0.0","0.0","0.0","0.0","0.0","0.0","0.0"
"12","0.0","0.0","0.0","0.0","0.0","0.0","0.0","0.0","0.0","0.0","0.0","0.0","0.0","0.0","0.0","0.0","0.0","0.0","0.0","0.0","0.0","0.0","0.0","0.0","0.0"
"13","0.0","0.0","0.0","0.0","0.0","0.0","0.0","0.0","0.0","0.0","0.0","0.0","0.0","0.0","0.0","0.0","0.0","0.0","0.0","0.0","0.0","0.0","0.0","0.0","0.0"
"14","0.0","0.0","0.0","0.0","0.0","0.0","0.0","0.0","0.0","0.0","0.0","0.0","0.0","0.0","0.0","0.0","0.0","0.0","0.0","0.0","0.0","0.0","0.0","0.0","0.0"
"15","0.0","0.0","0.0","0.0","0.0","0.0","0.0","0.0","0.0","0.0","0.0","0.0","0.0","0.0","0.0","0.0","0.0","0.0","0.0","0.0","0.0","0.0","0.0","0.0","0.0"
"16","0.0","0.0","0.0","0.0","0.0","0.0","0.0","0.0","0.0","0.0","0.0","0.0","0.0","0.0","0.0","0.0","0.0","0.0","0.0","0.0","0.0","0.0","0.0","0.0","0.0"
"17","0.0","0.0","0.0","0.0","0.0","0.0","0.0","0.0","0.0","0.0","0.0","0.0","0.0","0.0","0.0","0.0","0.0","0.0","0.0","0.0","0.0","0.0","0.0","0.0","0.0"
"18","0.0","0.0","0.0","0.0","0.0","0.0","0.0","0.0","0.0","0.0","0.0","0.0","0.0","0.0","0.0","0.0","0.0","0.0","0.0","0.0","0.0","0.0","0.0","0.0","0.0"
"19","0.0","0.0","0.0","0.0","0.0","0.0","0.0","0.0","0.0","0.0","0.0","0.0","0.0","0.0","0.0","0.0","0.0","0.0","0.0","0.0","0.0","0.0","0.0","0.0","0.0"
"20","0.0","0.0","0.0","0.0","0.0","0.0","0.0","0.0","0.0","0.0","0.0","0.0","0.0","0.0","0.0","0.0","0.0","0.0","0.0","0.0","0.0","0.0","0.0","0.0","0.0"
"21","0.0","T","T","T","0.0","0.0","0.0","0.0","0.0","0.0","0.0","0.0","0.0","0.0","0.0","0.0","0.0","0.0","0.0","0.0","0.0","0.0","0.0","0.0","T"
"22","0.0","T","T","T","T","0.0","T","T","0.0","0.0","0.0","0.0","0.0","0.0","0.0","0.0","0.0","0.0","0.0","0.0","0.0","0.0","0.0","0.0","T"
"23","0.0","0.0","0.0","T","0.0","0.0","0.0","0.0","0.0","0.0","0.0","0.0","0.0","0.0","0.0","0.0","0.0","0.0","0.0","0.0","0.0","0.0","0.0","0.0","T"
"24","0.0","0.0","0.0","0.0","0.0","0.0","T","0.0","0.0","0.0","0.0","0.0","0.0","0.0","0.0","0.0","0.0","0.0","0.0","0.0","0.0","0.0","0.0","0.0","T"
"25","0.0","0.0","0.0","0.0","0.0","0.0","0.0","T","T","0.0","0.0","0.0","0.0","0.0","0.0","0.0","0.0","0.0","0.0","0.0","0.0","0.0","0.0","0.0","T"
"26","0.0","0.0","0.0","0.0","0.0","0.0","0.0","0.0","0.0","0.0","0.0","0.0","0.0","0.0","0.0","0.0","T","0.0","T","T","T","T","0.5","T","0.5"
"27","T","T","0.5","T","0.5","4.0","0.5","T","0.0","1.5","1.0","6.5","T","0.5","0.0","0.0","0.0","0.0","0.0","T","T","0.0","0.0","0.0","15.0"
"28","0.0","0.0","0.0","0.0","0.0","0.0","0.0","0.0","0.0","0.0","0.0","0.0","0.0","0.0","0.0","0.0","0.0","0.0","0.0","0.0","0.0","0.0","0.0","0.0","0.0"
"29","0.0","0.0","0.0","0.0","T","T","0.0","0.0","0.0","0.0","0.0","0.0","T","0.0","0.0","0.0","0.0","0.0","0.0","0.0","0.0","0.0","0.0","0.0","T"
"30","0.0","0.0","0.0","0.0","0.0","0.0","0.0","0.0","0.0","0.0","0.0","0.0","0.0","0.0","0.0","T","T","0.0","0.0","0.0","0.0","0.0","0.0","0.0","T"
"31","0.0","0.0","0.0","0.0","0.0","0.0","0.0","0.0","0.0","0.0","0.0","0.0","0.0","0.0","0.0","0.0","0.0","0.0","0.0","0.0","0.0","0.0","0.0","T","T"
"總和","3.5","1.0","5.0","8.5","2.5","6.0","4.0","2.5","4.0","3.5","1.5","7.5","0.5","0.5","0.0","0.0","0.0","0.0","0.0","0.5","1.0","0.0","1.5","4.5","總和"